AADFYear,CP,Region,LocalAuthority,Road,RoadCategory,Easting,Northing,StartJunction,EndJunction,LinkLength_km,LinkLength_miles,PedalCycles,Motorcycles,CarsTaxis,BusesCoaches,LightGoodsVehicles,V2AxleRigidHGV,V3AxleRigidHGV,V4or5AxleRigidHGV,V3or4AxleArticHGV,V5AxleArticHGV,V6orMoreAxleArticHGV,AllHGVs,AllMotorVehicles
2000,6407,South West,Devon,A379,PR,294000,89374,Sannerville Way Rndbt,Glasshouse Lane,0.9,0.55,147,668,28923,260,4188,748,119,50,107,105,90,1219,35258
2000,16023,South West,Devon,M5,TM,296900,92000,30,29,1.8,1.11,0,224,44330,275,6173,2561,81,196,429,954,2516,6737,57739
2000,16382,South West,Devon,A379,PR,292400,88979,Bridge road/Sannerville Way Rndbt,A38 Mid Junction,3.5,2.17,10,281,11983,124,1911,530,112,125,60,78,63,968,15267
2000,16971,South West,Devon,A377,PU,291300,93000,A3015 Western Way,B3183 New North Road,2.1,1.3,97,75,8364,69,1174,361,73,36,32,56,59,617,10299
2000,16972,South West,Devon,A377,PU,291520,91000,B3123,A3015 Nr Frog St,1.7,1.05,103,167,16130,115,2605,548,75,61,121,138,78,1021,20038
2000,18081,South West,Devon,A377,PR,291278,90303,A30,/B3123,0.6,0.37,20,116,14340,71,2386,532,108,38,90,151,117,1036,17949
2000,26410,South West,Devon,A379,PU,294850,90300,A3015 Topsham Road,A3015,0.8,0.49,93,328,24333,147,4867,800,200,69,169,162,197,1597,31272
2000,37674,South West,Devon,A376,PR,297000,91160,M5 Jct 30,M5,0.7,0.43,62,472,32950,311,3752,752,187,85,96,131,116,1367,38852
2000,37882,South West,Devon,A30,TR,292000,88665,A377,M5 Jct 31,3.6,2.23,0,154,26297,100,3618,888,221,78,281,742,440,2650,32819
2000,47077,South West,Devon,A377,PU,290930,95000,B3183 New North Road,A396,1.2,0.74,96,298,14117,275,1888,476,86,20,44,90,91,807,17385
2000,56192,South West,Devon,M5,TM,296300,90200,31,30,5.7,3.54,0,306,53329,320,7325,2203,437,196,842,1777,1433,6888,68168
2000,56414,South West,Devon,A379,PR,296000,91040,A3015,M5 Jct 30,2.1,1.3,10,271,16806,67,2113,612,133,65,148,112,127,1197,20454
2000,77996,South West,Devon,A379,PU,294400,89750,Glasshouse Lane,A3015 Topsham Road,0.5,0.31,163,742,32105,289,4649,830,132,56,119,116,100,1353,39138
2000,77997,South West,Devon,A3015,PR,296530,93000,Moor Lane roundabout,M5 Jct 29,0.6,0.37,98,583,15152,65,1977,285,55,12,35,41,34,462,18239
2000,99845,South West,Devon,A3015,PU,294000,90610,A377 Frog Street,A379,3.9,2.42,307,390,21356,628,2022,341,71,14,38,30,30,524,24920
2000,99846,South West,Devon,A3015,PU,295301,91193,A379,Moor Lane roundabout,2.7,1.67,107,640,16651,72,2173,313,61,13,38,45,38,508,20044
2001,6407,South West,Devon,A379,PR,294000,89374,Sannerville Way Rndbt,Glasshouse Lane,0.9,0.55,129,687,30167,281,4238,754,141,52,94,90,100,1231,36604
2001,16023,South West,Devon,M5,TM,296900,92000,30,29,1.8,1.11,0,283,49806,240,7706,2432,564,123,1261,1994,820,7194,65229
2001,16382,South West,Devon,A379,PR,292400,88979,Bridge road/Sannerville Way Rndbt,A38 Mid Junction,3.5,2.17,17,201,11020,105,1975,324,69,32,76,62,78,641,13942
2001,16971,South West,Devon,A377,PU,291300,93000,A3015 Western Way,B3183 New North Road,2.1,1.3,92,72,7895,73,1209,367,87,38,28,49,67,636,9885
2001,16972,South West,Devon,A377,PU,291520,91000,B3123,A3015 Nr Frog St,1.7,1.05,99,161,15227,121,2683,558,90,63,109,120,89,1029,19221
2001,18081,South West,Devon,A377,PR,291278,90303,A30,/B3123,0.6,0.37,18,119,14956,76,2415,537,128,39,79,130,131,1044,18610
2001,26410,South West,Devon,A379,PU,294850,90300,A3015 Topsham Road,A3015,0.8,0.49,89,316,22970,155,5013,814,239,72,151,142,225,1643,30097
2001,37674,South West,Devon,A376,PR,297000,91160,M5 Jct 30,M5,0.7,0.43,55,485,34367,336,3797,758,221,87,84,113,130,1393,40378
2001,37882,South West,Devon,A30,TR,292000,88665,A377,M5 Jct 31,3.6,2.23,1,196,28961,136,3820,894,234,88,226,573,672,2687,35800
2001,47077,South West,Devon,A377,PU,290930,95000,B3183 New North Road,A396,1.2,0.74,106,145,11628,221,1669,226,109,37,44,97,98,611,14274
2001,56192,South West,Devon,M5,TM,296300,90200,31,30,5.7,3.54,0,258,53978,302,7869,2367,507,215,817,1505,1754,7165,69572
2001,56414,South West,Devon,A379,PR,296000,91040,A3015,M5 Jct 30,2.1,1.3,14,441,18057,148,2366,676,154,107,98,128,134,1297,22309
2001,77996,South West,Devon,A379,PU,294400,89750,Glasshouse Lane,A3015 Topsham Road,0.5,0.31,143,763,33485,312,4704,836,157,58,105,100,112,1368,40632
2001,77997,South West,Devon,A3015,PR,296530,93000,Moor Lane roundabout,M5 Jct 29,0.6,0.37,94,562,14305,68,2037,289,65,12,31,36,39,472,17444
2001,99845,South West,Devon,A3015,PU,294000,90610,A377 Frog Street,A379,3.9,2.42,404,317,22085,516,1836,238,39,20,41,47,57,442,25196
2001,99846,South West,Devon,A3015,PU,295301,91193,A379,Moor Lane roundabout,2.7,1.67,103,617,15719,75,2238,318,72,13,34,40,43,520,19169
2002,6407,South West,Devon,A379,PR,294000,89374,Sannerville Way Rndbt,Glasshouse Lane,0.9,0.55,135,274,26763,241,4457,580,179,53,93,74,132,1111,32846
2002,16023,South West,Devon,M5,TM,296900,92000,30,29,1.8,1.11,0,294,50403,193,9286,2650,665,145,1163,1758,912,7293,67469
2002,16382,South West,Devon,A379,PR,292400,88979,Bridge road/Sannerville Way Rndbt,A38 Mid Junction,3.5,2.17,18,207,11251,123,2070,337,77,36,71,55,89,665,14316
2002,16971,South West,Devon,A377,PU,291300,93000,A3015 Western Way,B3183 New North Road,2.1,1.3,73,141,8337,48,1063,250,147,45,24,52,81,599,10188
2002,16972,South West,Devon,A377,PU,291520,91000,B3123,A3015 Nr Frog St,1.7,1.05,125,349,19878,72,2854,456,107,38,63,97,120,881,24034
2002,18081,South West,Devon,A377,PR,291278,90303,A30,/B3123,0.6,0.37,20,122,15270,88,2531,559,144,44,74,117,148,1086,19097
2002,26410,South West,Devon,A379,PU,294850,90300,A3015 Topsham Road,A3015,0.8,0.49,93,351,24233,132,5600,858,272,82,121,109,218,1660,31976
2002,37674,South West,Devon,A376,PR,297000,91160,M5 Jct 30,M5,0.7,0.43,58,499,35089,392,3979,789,249,98,79,101,148,1464,41423
2002,37882,South West,Devon,A30,TR,292000,88665,A377,M5 Jct 31,3.6,2.23,0,131,27712,104,4035,1018,250,106,204,602,788,2968,34950
2002,47077,South West,Devon,A377,PU,290930,95000,B3183 New North Road,A396,1.2,0.74,111,162,12268,188,1864,238,124,42,35,74,95,608,15090
2002,56192,South West,Devon,M5,TM,296300,90200,31,30,5.7,3.54,0,452,57734,498,8579,2398,541,276,702,1617,1833,7367,74630
2002,56414,South West,Devon,A379,PR,296000,91040,A3015,M5 Jct 30,2.1,1.3,15,453,18437,172,2480,704,173,120,92,115,152,1356,22898
2002,77996,South West,Devon,A379,PU,294400,89750,Glasshouse Lane,A3015 Topsham Road,0.5,0.31,149,305,29707,268,4947,644,199,59,103,83,146,1234,36461
2002,77997,South West,Devon,A3015,PR,296530,93000,Moor Lane roundabout,M5 Jct 29,0.6,0.37,49,291,16720,33,2268,235,68,8,38,19,34,402,19714
2002,99845,South West,Devon,A3015,PU,294000,90610,A377 Frog Street,A379,3.9,2.42,234,272,22499,567,1939,196,45,9,30,23,53,356,25633
2002,99846,South West,Devon,A3015,PU,295301,91193,A379,Moor Lane roundabout,2.7,1.67,54,320,18374,36,2493,258,75,9,41,21,38,442,21665
2003,6407,South West,Devon,A379,PR,294000,89374,Sannerville Way Rndbt,Glasshouse Lane,0.9,0.55,113,297,27111,216,5001,588,192,59,89,65,145,1138,33763
2003,16023,South West,Devon,M5,TM,296900,92000,30,29,1.8,1.11,0,336,47833,171,10234,2684,711,160,1106,1554,999,7214,65788
2003,16382,South West,Devon,A379,PR,292400,88979,Bridge road/Sannerville Way Rndbt,A38 Mid Junction,3.5,2.17,9,271,12658,122,2005,458,81,31,32,47,100,749,15805
2003,16971,South West,Devon,A377,PU,291300,93000,A3015 Western Way,B3183 New North Road,2.1,1.3,65,180,8695,33,1122,254,158,50,24,48,93,627,10657
2003,16972,South West,Devon,A377,PU,291520,91000,B3123,A3015 Nr Frog St,1.7,1.05,112,446,20733,50,3013,464,115,42,63,90,139,913,25155
2003,18081,South West,Devon,A377,PR,291278,90303,A30,/B3123,0.6,0.37,16,133,15468,79,2840,567,154,49,70,104,163,1107,19627
2003,26410,South West,Devon,A379,PU,294850,90300,A3015 Topsham Road,A3015,0.8,0.49,276,434,29213,73,4547,634,232,66,62,99,189,1282,35549
2003,37674,South West,Devon,A376,PR,297000,91160,M5 Jct 30,M5,0.7,0.43,41,521,30472,256,4629,864,293,81,87,99,213,1637,37515
2003,37882,South West,Devon,A30,TR,292000,88665,A377,M5 Jct 31,3.6,2.23,0,142,28073,94,4527,1033,268,117,195,534,867,3014,35850
2003,47077,South West,Devon,A377,PU,290930,95000,B3183 New North Road,A396,1.2,0.74,99,207,12795,130,1968,242,133,47,35,69,110,636,15736
2003,56192,South West,Devon,M5,TM,296300,90200,31,30,5.7,3.54,0,332,56449,294,8671,1972,557,210,374,927,1514,5554,71300
2003,56414,South West,Devon,A379,PR,296000,91040,A3015,M5 Jct 30,2.1,1.3,12,492,18677,155,2783,713,185,133,88,102,167,1388,23495
2003,77996,South West,Devon,A379,PU,294400,89750,Glasshouse Lane,A3015 Topsham Road,0.5,0.31,125,330,30093,241,5551,653,213,65,99,73,161,1264,37479
2003,77997,South West,Devon,A3015,PR,296530,93000,Moor Lane roundabout,M5 Jct 29,0.6,0.37,182,165,16049,82,2068,232,76,21,33,19,45,426,18790
2003,99845,South West,Devon,A3015,PU,294000,90610,A377 Frog Street,A379,3.9,2.42,264,325,22702,374,2063,194,63,11,27,32,52,379,25843
2003,99846,South West,Devon,A3015,PU,295301,91193,A379,Moor Lane roundabout,2.7,1.67,200,181,17636,90,2273,255,83,24,36,21,50,469,20649
2004,6407,South West,Devon,A379,PR,294000,89374,Sannerville Way Rndbt,Glasshouse Lane,0.9,0.55,165,721,28369,276,4486,637,180,83,127,69,116,1212,35064
2004,16023,South West,Devon,M5,TM,296900,92000,30,29,1.8,1.11,0,300,48454,166,10080,2542,711,165,1051,1372,1095,6936,65936
2004,16382,South West,Devon,A379,PR,292400,88979,Bridge road/Sannerville Way Rndbt,A38 Mid Junction,3.5,2.17,9,304,12671,104,2114,475,89,35,30,42,111,782,15975
2004,16971,South West,Devon,A377,PU,291300,93000,A3015 Western Way,B3183 New North Road,2.1,1.3,53,214,8930,29,1298,267,175,57,21,41,97,658,11129
2004,16972,South West,Devon,A377,PU,291520,91000,B3123,A3015 Nr Frog St,1.7,1.05,91,531,21293,43,3487,488,127,49,57,75,143,939,26293
2004,18081,South West,Devon,A377,PR,291278,90303,A30,/B3123,0.6,0.37,16,149,15484,67,2996,588,169,55,68,93,181,1154,19850
2004,26410,South West,Devon,A379,PU,294850,90300,A3015 Topsham Road,A3015,0.8,0.49,223,515,30001,63,5260,667,258,76,55,84,197,1337,37176
2004,37674,South West,Devon,A376,PR,297000,91160,M5 Jct 30,M5,0.7,0.43,40,584,30503,216,4883,895,321,92,84,89,236,1717,37903
2004,37882,South West,Devon,A30,TR,292000,88665,A377,M5 Jct 31,3.6,2.23,1,152,28775,88,4709,916,367,111,225,561,658,2838,36562
2004,47077,South West,Devon,A377,PU,290930,95000,B3183 New North Road,A396,1.2,0.74,81,246,13141,113,2277,254,148,54,31,58,114,659,16436
2004,56192,South West,Devon,M5,TM,296300,90200,31,30,5.7,3.54,0,325,55370,307,8815,2071,636,223,615,1352,2258,7155,71972
2004,56414,South West,Devon,A379,PR,296000,91040,A3015,M5 Jct 30,2.1,1.3,2,212,20915,55,2753,565,155,68,80,65,171,1104,25039
2004,77996,South West,Devon,A379,PU,294400,89750,Glasshouse Lane,A3015 Topsham Road,0.5,0.31,183,800,31490,306,4979,706,199,92,141,77,129,1344,38919
2004,77997,South West,Devon,A3015,PR,296530,93000,Moor Lane roundabout,M5 Jct 29,0.6,0.37,96,322,18645,101,2320,182,59,16,20,28,33,338,21726
2004,99845,South West,Devon,A3015,PU,294000,90610,A377 Frog Street,A379,3.9,2.42,194,359,21823,525,1889,235,100,26,26,11,46,444,25040
2004,99846,South West,Devon,A3015,PU,295301,91193,A379,Moor Lane roundabout,2.7,1.67,106,353,20488,111,2549,200,65,18,22,31,37,373,23874
2005,6407,South West,Devon,A379,PR,294000,89374,Sannerville Way Rndbt,Glasshouse Lane,0.9,0.55,173,636,28540,281,4642,627,173,87,113,61,123,1184,35283
2005,16023,South West,Devon,M5,TM,296900,92000,30,29,1.8,1.11,0,313,67252,397,8823,2131,247,303,267,1921,2565,7434,84219
2005,16382,South West,Devon,A379,PR,292400,88979,Bridge road/Sannerville Way Rndbt,A38 Mid Junction,3.5,2.17,10,219,12681,140,2193,439,114,85,13,45,108,804,16037
2005,16971,South West,Devon,A377,PU,291300,93000,A3015 Western Way,B3183 New North Road,2.1,1.3,45,277,9029,27,1537,315,202,72,17,31,90,727,11597
2005,16972,South West,Devon,A377,PU,291520,91000,B3123,A3015 Nr Frog St,1.7,1.05,44,213,17687,92,2484,328,91,30,63,57,146,715,21191
2005,18081,South West,Devon,A377,PR,291278,90303,A30,/B3123,0.6,0.37,18,131,15577,69,3101,580,162,58,61,81,192,1134,20012
2005,26410,South West,Devon,A379,PU,294850,90300,A3015 Topsham Road,A3015,0.8,0.49,189,667,30332,60,6222,785,296,94,43,63,183,1464,38745
2005,37674,South West,Devon,A376,PR,297000,91160,M5 Jct 30,M5,0.7,0.43,41,515,30685,222,5054,884,309,95,74,79,251,1692,38168
2005,37882,South West,Devon,A30,TR,292000,88665,A377,M5 Jct 31,3.6,2.23,1,135,28948,90,4874,904,353,116,200,491,697,2761,36808
2005,47077,South West,Devon,A377,PU,290930,95000,B3183 New North Road,A396,1.2,0.74,68,318,13285,108,2694,299,169,67,24,44,106,709,17114
2005,56192,South West,Devon,M5,TM,296300,90200,31,30,5.7,3.54,0,301,59932,293,9402,2589,675,163,547,1014,2307,7295,77223
2005,56414,South West,Devon,A379,PR,296000,91040,A3015,M5 Jct 30,2.1,1.3,3,188,21041,56,2849,557,150,71,71,58,181,1088,25222
2005,77996,South West,Devon,A379,PU,294400,89750,Glasshouse Lane,A3015 Topsham Road,0.5,0.31,192,707,31679,312,5153,697,192,96,125,67,137,1314,39165
2005,77997,South West,Devon,A3015,PR,296530,93000,Moor Lane roundabout,M5 Jct 29,0.6,0.37,105,231,16538,65,2028,207,176,9,18,26,44,480,19342
2005,99845,South West,Devon,A3015,PU,294000,90610,A377 Frog Street,A379,3.9,2.42,174,263,18674,619,1752,193,61,15,14,8,55,346,21654
2005,99846,South West,Devon,A3015,PU,295301,91193,A379,Moor Lane roundabout,2.7,1.67,115,253,18175,71,2228,228,193,10,20,28,48,527,21254
2006,6407,South West,Devon,A379,PR,294000,89374,Sannerville Way Rndbt,Glasshouse Lane,0.9,0.55,165,628,28540,306,4986,615,165,89,108,57,140,1174,35634
2006,16023,South West,Devon,M5,TM,296900,92000,30,29,1.8,1.11,0,479,62223,1120,8515,1720,257,235,173,1839,2975,7199,79536
2006,16382,South West,Devon,A379,PR,292400,88979,Bridge road/Sannerville Way Rndbt,A38 Mid Junction,3.5,2.17,9,215,12681,154,2356,431,108,87,13,41,124,804,16210
2006,16971,South West,Devon,A377,PU,291300,93000,A3015 Western Way,B3183 New North Road,2.1,1.3,136,191,9772,96,1312,161,85,36,21,21,101,425,11796
2006,16972,South West,Devon,A377,PU,291520,91000,B3123,A3015 Nr Frog St,1.7,1.05,68,134,18465,91,2961,353,95,34,72,64,197,815,22466
2006,18081,South West,Devon,A377,PR,291278,90303,A30,/B3123,0.6,0.37,16,129,15577,74,3330,568,155,60,57,77,219,1136,20246
2006,26410,South West,Devon,A379,PU,294850,90300,A3015 Topsham Road,A3015,0.8,0.49,296,418,31666,60,7418,842,309,107,49,71,246,1624,41186
2006,37674,South West,Devon,A376,PR,297000,91160,M5 Jct 30,M5,0.7,0.43,40,508,30685,242,5429,865,295,99,71,74,287,1691,38555
2006,37882,South West,Devon,A30,TR,292000,88665,A377,M5 Jct 31,3.6,2.23,0,208,30197,159,5473,708,242,97,202,337,1065,2651,38688
2006,47077,South West,Devon,A377,PU,290930,95000,B3183 New North Road,A396,1.2,0.74,106,200,13870,108,3212,322,177,76,28,49,143,795,18185
2006,56192,South West,Devon,M5,TM,296300,90200,31,30,5.7,3.54,0,224,60893,248,10852,1903,606,174,377,1061,2504,6625,78842
2006,56414,South West,Devon,A379,PR,296000,91040,A3015,M5 Jct 30,2.1,1.3,2,185,21041,60,3060,546,143,73,67,54,207,1090,25436
2006,77996,South West,Devon,A379,PU,294400,89750,Glasshouse Lane,A3015 Topsham Road,0.5,0.31,183,697,31679,340,5534,682,183,99,120,63,156,1303,39553
2006,77997,South West,Devon,A3015,PR,296530,93000,Moor Lane roundabout,M5 Jct 29,0.6,0.37,95,335,16697,97,2586,163,169,23,8,20,24,407,20122
2006,99845,South West,Devon,A3015,PU,294000,90610,A377 Frog Street,A379,3.9,2.42,206,478,21508,461,2279,244,50,11,40,20,43,408,25134
2006,99846,South West,Devon,A3015,PU,295301,91193,A379,Moor Lane roundabout,2.7,1.67,104,368,18349,107,2841,179,186,25,9,22,26,447,22112
2007,6407,South West,Devon,A379,PR,294000,89374,Sannerville Way Rndbt,Glasshouse Lane,0.9,0.55,167,649,28767,335,5649,657,176,105,99,58,153,1248,36648
2007,16023,South West,Devon,M5,TM,296900,92000,30,29,1.8,1.11,0,298,42865,335,6128,3362,444,395,1116,1964,878,8159,57785
2007,16382,South West,Devon,A379,PR,292400,88979,Bridge road/Sannerville Way Rndbt,A38 Mid Junction,3.5,2.17,9,223,12782,168,2669,460,115,103,11,42,135,866,16708
2007,16971,South West,Devon,A377,PU,291300,93000,A3015 Western Way,B3183 New North Road,2.1,1.3,85,196,9391,97,1339,165,87,40,18,21,104,435,11458
2007,16972,South West,Devon,A377,PU,291520,91000,B3123,A3015 Nr Frog St,1.7,1.05,42,137,17745,92,3021,361,97,38,63,62,203,824,21819
2007,18081,South West,Devon,A377,PR,291278,90303,A30,/B3123,0.6,0.37,15,140,13295,72,2945,370,77,45,42,73,161,768,17220
2007,26410,South West,Devon,A379,PU,294850,90300,A3015 Topsham Road,A3015,0.8,0.49,185,430,30431,60,7566,864,316,120,42,68,254,1664,40151
2007,37674,South West,Devon,A376,PR,297000,91160,M5 Jct 30,M5,0.7,0.43,40,525,30931,264,6151,924,314,115,65,75,312,1805,39676
2007,37882,South West,Devon,A30,TR,292000,88665,A377,M5 Jct 31,3.6,2.23,0,215,30439,174,6200,757,258,115,184,339,1160,2813,39841
2007,47077,South West,Devon,A377,PU,290930,95000,B3183 New North Road,A396,1.2,0.74,67,205,13329,108,3276,330,182,85,24,47,147,815,17733
2007,56192,South West,Devon,M5,TM,296300,90200,31,30,5.7,3.54,0,247,61563,239,11124,1832,583,185,337,1050,2680,6667,79840
2007,56414,South West,Devon,A379,PR,296000,91040,A3015,M5 Jct 30,2.1,1.3,2,192,21209,67,3466,583,153,86,62,55,226,1165,26099
2007,77996,South West,Devon,A379,PU,294400,89750,Glasshouse Lane,A3015 Topsham Road,0.5,0.31,185,720,31932,372,6271,729,195,116,109,64,170,1383,40678
2007,77997,South West,Devon,A3015,PR,296530,93000,Moor Lane roundabout,M5 Jct 29,0.6,0.37,105,184,17328,103,2093,184,31,11,20,19,21,286,19994
2007,99845,South West,Devon,A3015,PU,294000,90610,A377 Frog Street,A379,3.9,2.42,239,477,21470,625,2254,219,41,7,21,13,30,331,25157
2007,99846,South West,Devon,A3015,PU,295301,91193,A379,Moor Lane roundabout,2.7,1.67,115,202,19042,113,2301,202,34,12,21,21,23,313,21971
2008,6407,South West,Devon,A379,PR,294000,89374,Sannerville Way Rndbt,Glasshouse Lane,0.9,0.55,327,777,26571,233,5509,581,141,35,81,98,105,1041,34131
2008,16023,South West,Devon,M5,TM,296900,92000,30,29,1.8,1.11,0,373,61508,447,9422,1815,650,184,444,1047,2705,6845,78595
2008,16382,South West,Devon,A379,PR,292400,88979,Bridge road/Sannerville Way Rndbt,A38 Mid Junction,3.5,2.17,29,176,12392,136,2371,317,72,31,34,26,140,620,15695
2008,16971,South West,Devon,A377,PU,291300,93000,A3015 Western Way,B3183 New North Road,2.1,1.3,95,203,9522,91,1416,170,102,44,13,16,91,436,11668
2008,16972,South West,Devon,A377,PU,291520,91000,B3123,A3015 Nr Frog St,1.7,1.05,48,143,17994,86,3195,375,114,42,48,48,177,804,22222
2008,18081,South West,Devon,A377,PR,291278,90303,A30,/B3123,0.6,0.37,15,147,12870,76,3056,364,86,47,38,66,162,763,16912
2008,26410,South West,Devon,A379,PU,294850,90300,A3015 Topsham Road,A3015,0.8,0.49,539,516,29807,100,4858,556,201,56,47,51,173,1084,36365
2008,37674,South West,Devon,A376,PR,297000,91160,M5 Jct 30,M5,0.7,0.43,40,552,29941,280,6384,911,348,121,58,67,313,1818,38975
2008,37882,South West,Devon,A30,TR,292000,88665,A377,M5 Jct 31,3.6,2.23,0,226,29465,184,6435,745,287,120,165,307,1166,2790,39100
2008,47077,South West,Devon,A377,PU,290930,95000,B3183 New North Road,A396,1.2,0.74,74,213,13516,102,3465,342,212,94,19,38,129,834,18130
2008,56192,South West,Devon,M5,TM,296300,90200,31,30,5.7,3.54,0,345,66037,185,9161,955,261,117,205,368,1364,3270,78998
2008,56414,South West,Devon,A379,PR,296000,91040,A3015,M5 Jct 30,2.1,1.3,2,202,20530,71,3599,574,170,91,56,49,226,1166,25568
2008,77996,South West,Devon,A379,PU,294400,89750,Glasshouse Lane,A3015 Topsham Road,0.5,0.31,363,862,29495,258,6115,645,156,39,90,109,117,1156,37886
2008,77997,South West,Devon,A3015,PR,296530,93000,Moor Lane roundabout,M5 Jct 29,0.6,0.37,234,207,16706,81,2063,134,31,2,13,18,20,218,19275
2008,99845,South West,Devon,A3015,PU,294000,90610,A377 Frog Street,A379,3.9,2.42,436,302,23784,547,1941,242,43,14,22,12,28,361,26935
2008,99846,South West,Devon,A3015,PU,295301,91193,A379,Moor Lane roundabout,2.7,1.67,257,227,18358,89,2267,148,34,2,14,19,21,238,21179
2009,6407,South West,Devon,A379,PR,294000,89374,Sannerville Way Rndbt,Glasshouse Lane,0.9,0.55,101,716,26903,247,4792,476,153,54,52,32,125,892,33550
2009,16023,South West,Devon,M5,TM,296900,92000,30,29,1.8,1.11,0,337,63045,512,9563,1674,652,177,402,883,2565,6353,79810
2009,16382,South West,Devon,A379,PR,292400,88979,Bridge road/Sannerville Way Rndbt,A38 Mid Junction,3.5,2.17,33,178,12355,140,2367,291,72,30,31,22,136,582,15622
2009,16971,South West,Devon,A377,PU,291300,93000,A3015 Western Way,B3183 New North Road,2.1,1.3,95,198,9665,96,1491,163,106,44,12,14,89,428,11878
2009,16972,South West,Devon,A377,PU,291520,91000,B3123,A3015 Nr Frog St,1.7,1.05,163,536,17276,118,2872,287,101,49,32,42,154,665,21467
2009,18081,South West,Devon,A377,PR,291278,90303,A30,/B3123,0.6,0.37,20,185,18092,71,2930,319,83,37,31,43,198,711,21989
2009,26410,South West,Devon,A379,PU,294850,90300,A3015 Topsham Road,A3015,0.8,0.49,432,414,25915,104,4045,562,171,54,43,23,122,975,31453
2009,37674,South West,Devon,A376,PR,297000,91160,M5 Jct 30,M5,0.7,0.43,55,459,32203,278,6082,855,242,159,77,68,213,1614,40636
2009,37882,South West,Devon,A30,TR,292000,88665,A377,M5 Jct 31,3.6,2.23,1,273,31878,115,5346,682,304,86,122,285,1029,2508,40120
2009,47077,South West,Devon,A377,PU,290930,95000,B3183 New North Road,A396,1.2,0.74,159,193,10934,209,1413,161,59,27,10,11,59,327,13076
2009,56192,South West,Devon,M5,TM,296300,90200,31,30,5.7,3.54,0,312,67688,212,9298,880,261,113,186,310,1293,3043,80553
2009,56414,South West,Devon,A379,PR,296000,91040,A3015,M5 Jct 30,2.1,1.3,5,223,22047,86,3096,467,143,65,55,47,165,942,26394
2009,77996,South West,Devon,A379,PU,294400,89750,Glasshouse Lane,A3015 Topsham Road,0.5,0.31,112,794,29862,274,5320,529,169,60,58,36,139,991,37241
2009,77997,South West,Devon,A3015,PR,296530,93000,Moor Lane roundabout,M5 Jct 29,0.6,0.37,234,201,16956,86,2172,129,32,2,12,15,19,209,19624
2009,99845,South West,Devon,A3015,PU,294000,90610,A377 Frog Street,A379,3.9,2.42,436,295,24141,579,2044,231,45,14,20,11,28,349,27408
2009,99846,South West,Devon,A3015,PU,295301,91193,A379,Moor Lane roundabout,2.7,1.67,257,221,18633,94,2387,141,36,2,13,16,21,229,21564
2010,6407,South West,Devon,A379,PR,294000,89374,Sannerville Way Rndbt,Glasshouse Lane,0.9,0.55,253,565,25792,249,4917,417,163,41,30,43,125,819,32342
2010,16023,South West,Devon,M5,TM,296900,92000,30,29,1.8,1.11,0,366,57558,387,8316,1486,579,190,346,776,2499,5876,72503
2010,16382,South West,Devon,A379,PR,292400,88979,Bridge road/Sannerville Way Rndbt,A38 Mid Junction,3.5,2.17,33,161,12182,144,2441,304,72,26,34,20,131,587,15515
2010,16971,South West,Devon,A377,PU,291300,93000,A3015 Western Way,B3183 New North Road,2.1,1.3,95,179,9598,103,1524,168,104,38,14,14,91,429,11833
2010,16972,South West,Devon,A377,PU,291520,91000,B3123,A3015 Nr Frog St,1.7,1.05,164,485,17155,126,2935,296,99,42,38,40,157,672,21373
2010,18081,South West,Devon,A377,PR,291278,90303,A30,/B3123,0.6,0.37,20,167,17839,73,3021,334,83,32,35,39,191,714,21814
2010,26410,South West,Devon,A379,PU,294850,90300,A3015 Topsham Road,A3015,0.8,0.49,434,375,25734,111,4134,580,168,46,51,22,124,991,31345
2010,37674,South West,Devon,A376,PR,297000,91160,M5 Jct 30,M5,0.7,0.43,68,400,30705,279,5343,778,257,149,93,62,231,1570,38297
2010,37882,South West,Devon,A30,TR,292000,88665,A377,M5 Jct 31,3.6,2.23,1,246,31432,119,5511,713,304,74,135,257,990,2473,39781
2010,47077,South West,Devon,A377,PU,290930,95000,B3183 New North Road,A396,1.2,0.74,159,175,10857,223,1444,166,58,23,12,11,61,331,13030
2010,56192,South West,Devon,M5,TM,296300,90200,31,30,5.7,3.54,0,223,61511,251,9995,1724,490,217,335,754,2418,5938,77918
2010,56414,South West,Devon,A379,PR,296000,91040,A3015,M5 Jct 30,2.1,1.3,5,239,20717,80,3139,407,164,78,41,60,168,918,25093
2010,77996,South West,Devon,A379,PU,294400,89750,Glasshouse Lane,A3015 Topsham Road,0.5,0.31,281,627,28630,277,5457,463,181,45,33,48,139,909,35900
2010,77997,South West,Devon,A3015,PR,296530,93000,Moor Lane roundabout,M5 Jct 29,0.6,0.37,235,182,16837,91,2220,132,32,2,14,14,20,214,19544
2010,99845,South West,Devon,A3015,PU,294000,90610,A377 Frog Street,A379,3.9,2.42,268,231,21462,467,2030,179,33,14,8,6,34,274,24464
2010,99846,South West,Devon,A3015,PU,295301,91193,A379,Moor Lane roundabout,2.7,1.67,259,200,18503,100,2440,145,36,2,15,16,21,235,21478
2011,6407,South West,Devon,A379,PR,294000,89374,Sannerville Way Rndbt,Glasshouse Lane,0.9,0.55,222,702,23054,212,4828,523,109,40,45,85,79,881,29677
2011,16023,South West,Devon,M5,TM,296900,92000,30,29,1.8,1.11,0,340,56349,406,8491,1461,613,211,267,768,2646,5966,71552
2011,16382,South West,Devon,A379,PR,292400,88979,Bridge road/Sannerville Way Rndbt,A38 Mid Junction,3.5,2.17,29,176,12109,148,2507,293,75,28,25,18,133,572,15512
2011,16971,South West,Devon,A377,PU,291300,93000,A3015 Western Way,B3183 New North Road,2.1,1.3,105,177,9751,112,1722,170,114,44,11,14,100,453,12215
2011,16972,South West,Devon,A377,PU,291520,91000,B3123,A3015 Nr Frog St,1.7,1.05,181,481,17429,137,3317,300,109,48,31,42,173,703,22067
2011,18081,South West,Devon,A377,PR,291278,90303,A30,/B3123,0.6,0.37,18,182,17732,75,3103,322,87,34,26,37,193,699,21791
2011,26410,South West,Devon,A379,PU,294850,90300,A3015 Topsham Road,A3015,0.8,0.49,479,373,26146,121,4671,589,184,53,41,22,137,1026,32337
2011,37674,South West,Devon,A376,PR,297000,91160,M5 Jct 30,M5,0.7,0.43,92,391,32165,246,5966,788,249,149,101,146,203,1636,40404
2011,37882,South West,Devon,A30,TR,292000,88665,A377,M5 Jct 31,3.6,2.23,0,182,40127,98,5167,672,195,92,73,428,723,2183,47757
2011,47077,South West,Devon,A377,PU,290930,95000,B3183 New North Road,A396,1.2,0.74,175,173,11031,242,1632,168,63,27,9,11,67,345,13423
2011,56192,South West,Devon,M5,TM,296300,90200,31,30,5.7,3.54,0,208,60219,263,10205,1694,519,240,259,747,2561,6020,76915
2011,56414,South West,Devon,A379,PR,296000,91040,A3015,M5 Jct 30,2.1,1.3,8,253,22081,68,3325,551,113,77,45,119,96,1001,26728
2011,77996,South West,Devon,A379,PU,294400,89750,Glasshouse Lane,A3015 Topsham Road,0.5,0.31,246,780,25589,235,5358,580,120,44,49,95,87,975,32937
2011,77997,South West,Devon,A3015,PR,296530,93000,Moor Lane roundabout,M5 Jct 29,0.6,0.37,260,181,17107,99,2509,134,36,2,11,15,21,219,20115
2011,99845,South West,Devon,A3015,PU,294000,90610,A377 Frog Street,A379,3.9,2.42,295,229,21806,507,2294,182,36,16,6,6,37,283,25119
2011,99846,South West,Devon,A3015,PU,295301,91193,A379,Moor Lane roundabout,2.7,1.67,286,198,18799,108,2757,147,40,2,12,16,23,240,22102
2012,6407,South West,Devon,A379,PR,294000,89374,Sannerville Way Rndbt,Glasshouse Lane,0.9,0.55,207,651,22871,219,4993,516,116,45,33,81,80,871,29604
2012,16023,South West,Devon,M5,TM,296900,92000,30,29,1.8,1.11,0,133,54218,200,11572,2039,516,355,488,1588,1787,6773,72896
2012,16382,South West,Devon,A379,PR,292400,88979,Bridge road/Sannerville Way Rndbt,A38 Mid Junction,3.5,2.17,41,264,12761,121,2388,385,154,83,22,32,64,740,16274
2012,16971,South West,Devon,A377,PU,291300,93000,A3015 Western Way,B3183 New North Road,2.1,1.3,99,178,9606,124,1940,171,124,50,8,13,102,469,12318
2012,16972,South West,Devon,A377,PU,291520,91000,B3123,A3015 Nr Frog St,1.7,1.05,171,484,17171,152,3738,302,118,55,23,40,176,715,22259
2012,18081,South West,Devon,A377,PR,291278,90303,A30,/B3123,0.6,0.37,17,169,17591,77,3209,318,93,38,19,35,196,698,21745
2012,26410,South West,Devon,A379,PU,294850,90300,A3015 Topsham Road,A3015,0.8,0.49,40,288,25783,97,4484,576,153,161,21,28,292,1230,31882
2012,37674,South West,Devon,A376,PR,297000,91160,M5 Junction 30,M5,0.7,0.43,86,329,32477,283,5587,787,262,167,127,203,234,1779,40455
2012,37882,South West,Devon,A30,TR,292000,88665,A377,M5 Junction 31,3.6,2.23,0,169,39808,101,5344,663,207,102,54,405,733,2166,47588
2012,47077,South West,Devon,A377,PU,290930,95000,B3183 New North Road,A396,1.2,0.74,166,174,10867,268,1839,169,68,31,7,10,68,354,13503
2012,56192,South West,Devon,M5,TM,296300,90200,31,30,5.7,3.54,0,430,59550,406,9327,1384,329,193,251,1495,1927,5580,75293
2012,56414,South West,Devon,A379,PR,296000,91040,A3015,M5 Junction 30,2.1,1.3,7,234,21905,70,3439,544,120,86,33,113,97,993,26642
2012,77996,South West,Devon,A379,PU,294400,89750,Glasshouse Lane,A3015 Topsham Road,0.5,0.31,230,722,25387,243,5543,573,129,49,37,89,89,966,32861
2012,77997,South West,Devon,A3015,PR,296530,93000,Moor Lane roundabout,M5 Junction 29,0.6,0.37,295,195,14467,90,1945,125,47,5,6,25,9,216,16914
2012,99845,South West,Devon,A3015,PU,294000,90610,A377 Frog Street,A379,3.9,2.42,279,230,21483,562,2585,184,39,18,4,6,38,289,25149
2012,99846,South West,Devon,A3015,PU,295301,91193,A379,Moor Lane roundabout,2.7,1.67,324,215,15897,99,2138,137,51,5,7,27,10,237,18587
2013,6407,South West,Devon,A379,PR,294000,89374,Sannerville Way Rndbt,Glasshouse Lane,0.9,0.6,931,526,24575,268,5576,481,194,83,12,65,76,911,31856
2013,16023,South West,Devon,M5,TM,296900,92000,30,29,1.8,1.1,0,139,55368,215,12325,2031,554,399,377,1568,1888,6817,74864
2013,16382,South West,Devon,A379,PR,292400,88979,Bridge road/Sannerville Way Rndbt,A38 Mid Junction,3.5,2.2,40,272,12733,119,2471,372,160,91,17,32,67,739,16334
2013,16971,South West,Devon,A377,PU,291300,93000,A3015 Western Way,B3183 New North Road,2.1,1.3,98,187,9608,140,1798,165,128,54,7,14,115,483,12216
2013,16972,South West,Devon,A377,PU,291520,91000,B3123,A3015 Nr Frog St,1.7,1.1,143,303,18066,99,3263,288,79,38,35,105,137,682,22413
2013,18081,South West,Devon,A377,PR,291278,90303,A30,/B3123,0.6,0.4,14,122,18625,83,4090,378,70,47,41,89,152,777,23697
2013,26410,South West,Devon,A379,PU,294850,90300,A3015 Topsham Road,A3015,0.8,0.5,40,303,25788,109,4155,553,158,174,17,29,329,1260,31615
2013,37674,South West,Devon,A376,PR,297000,91160,M5 Junction 30,M5,0.7,0.4,89,506,34069,266,5977,754,237,171,126,219,250,1757,42575
2013,37882,South West,Devon,A30,TR,292000,88665,A377,M5 Junction 31,3.6,2.2,0,174,39719,99,5530,641,216,112,42,399,773,2183,47705
2013,47077,South West,Devon,A377,PU,290930,95000,B3183 New North Road,A396,1.2,0.7,163,183,10870,302,1704,163,71,33,6,11,77,361,13420
2013,56192,South West,Devon,M5,TM,296300,90200,31,30,5.7,3.5,0,449,60813,435,9934,1378,354,216,194,1476,2037,5655,77286
2013,56414,South West,Devon,A379,PR,296000,91040,A3015,M5 Junction 30,2.1,1.3,2,278,21995,66,3793,464,155,89,35,71,132,946,27078
2013,77996,South West,Devon,A379,PU,294400,89750,Glasshouse Lane,A3015 Topsham Road,0.5,0.3,1034,584,27278,298,6189,534,216,92,13,72,84,1011,35360
2013,77997,South West,Devon,A3015,PR,296530,93000,Moor Lane roundabout,M5 Junction 29,0.6,0.4,291,206,14469,102,1802,120,48,5,5,26,10,214,16793
2013,99845,South West,Devon,A3015,PU,294000,90610,A377 Frog Street,A379,3.9,2.4,275,243,21487,632,2395,176,41,20,4,6,42,289,25046
2013,99846,South West,Devon,A3015,PU,295301,91193,A379,Moor Lane roundabout,2.7,1.7,320,226,15901,112,1981,132,53,6,6,28,11,236,18456
2014,6407,South West,Devon,A379,PR,294000,89374,Sannerville Way Rndbt,Glasshouse Lane,0.9,0.56,744,576,24513,279,5805,471,206,86,11,58,79,911,32084
2014,16023,South West,Devon,M5,TM,296900,92000,30,29,1.8,1.12,0,148,56860,225,13695,1891,559,397,373,1430,1989,6640,77568
2014,16382,South West,Devon,A379,PR,292400,88979,Bridge road/Sannerville Way Rndbt,A38 Mid Junction,3.5,2.17,32,298,12700,124,2572,364,170,95,16,28,69,744,16439
2014,16971,South West,Devon,A377,PU,291300,93000,A3015 Western Way,B3183 New North Road,2.1,1.3,95,181,9791,176,1910,142,120,50,7,13,124,456,12513
2014,16972,South West,Devon,A377,PU,291520,91000,B3123,A3015 Nr Frog St,1.7,1.06,139,292,18409,125,3467,249,74,35,35,99,148,639,22932
2014,18081,South West,Devon,A377,PR,291278,90303,A30,/B3123,0.6,0.37,11,134,18578,86,4259,370,74,49,39,79,158,769,23826
2014,26410,South West,Devon,A379,PU,294850,90300,A3015 Topsham Road,A3015,0.8,0.5,38,293,26278,136,4414,477,148,160,17,28,356,1185,32306
2014,37674,South West,Devon,A376,PR,297000,91160,M5 Junction 30,M5,0.7,0.43,68,294,31372,352,5690,756,208,258,74,85,405,1786,39493
2014,37882,South West,Devon,A30,TR,292000,88665,A377,M5 Junction 31,3.6,2.24,2,237,29727,141,6542,807,221,111,114,574,714,2540,39187
2014,47077,South West,Devon,A377,PU,290930,95000,B3183 New North Road,A396,1.2,0.75,159,177,11076,379,1810,140,66,31,6,10,83,336,13779
2014,56192,South West,Devon,M5,TM,296300,90200,31,30,5.7,3.54,0,307,61842,213,13286,1840,530,359,168,1481,1916,6294,81942
2014,56414,South West,Devon,A379,PR,296000,91040,A3015,M5 Junction 30,2.1,1.3,2,305,21939,69,3950,454,164,93,34,64,136,946,27208
2014,77996,South West,Devon,A379,PU,294400,89750,Glasshouse Lane,A3015 Topsham Road,0.5,0.31,825,640,27209,310,6444,523,228,96,12,64,87,1011,35614
2014,77997,South West,Devon,A3015,PR,296530,93000,Moor Lane roundabout,M5 Junction 29,0.6,0.37,282,199,14744,128,1915,103,45,5,5,24,11,193,17179
2014,99845,South West,Devon,A3015,PU,294000,90610,A377 Frog Street,A379,3.9,2.42,481,365,19085,514,2317,220,82,28,18,12,19,380,22661
2014,99846,South West,Devon,A3015,PU,295301,91193,A379,Moor Lane roundabout,2.7,1.68,310,218,16202,140,2104,113,50,5,6,27,12,213,18878
